question,graphrag_answer,flatrag_answer
How does the electric vehicle sector connect to charging infrastructure and government policy?,"Based on the provided KNOWLEDGE-GRAPH FACTS and SUPPORTING TEXT, I can answer the question as follows:

The electric vehicle sector connects to charging infrastructure and government policy in several ways:

1. **Charging Infrastructure**: The transportation sector is where charging infrastructure is located (KNOWLEDGE-GRAPH FACT: ""Charging Infrastructure"" -[located_in]-> ""transportation sector""). This implies that charging infrastructure is a crucial component of the electric vehicle ecosystem.
2. **Government Policy**: The use of electric vehicles supports the U.S. economy and helps diversify the U.S. transportation fleet (SUPPORTING TEXT: [doc_17.txt::ch9]). This suggests that government policies promoting the adoption of electric vehicles can have positive economic and environmental impacts.
3. **Energy Security**: Electric vehicles avoid oil consumption, which strengthens national energy security by increasing resilience to natural disasters and fuel supply disruptions (SUPPORTING TEXT: [doc_18.txt::ch5] and [doc_17.txt::ch6]). This implies that government policies supporting the adoption of electric vehicles can contribute to improved energy security.
4. **Battery Manufacturing**: Announced battery manufacturing capacity for 2030 would more than fulfill demand for electric vehicle batteries (SUPPORTING TEXT: [doc_18.txt::ch5]). This suggests that government policies promoting investment in battery manufacturing infrastructure can help support the growth of the electric vehicle sector.

Overall, the electric vehicle sector connects to charging infrastructure and government policy through a complex web of relationships between energy security, economic development, and environmental sustainability.","The electric vehicle sector connects to charging infrastructure and government policy as follows:

* Governments should support the deployment of publicly available charging infrastructure until there are enough EVs on the road for an operator to sustain a charging network (doc_18.txt::ch14).
* Charging equipment manufacturers, automakers, utilities, Clean Cities and Communities coalitions, states, municipalities, and government agencies are rapidly establishing a national network of public charging stations (doc_17.txt::ch8).
* Regulations that require greater electric vehicle model availability are essential to market growth, with states with zero-emission vehicle regulations having a higher share of new electric vehicle sales (doc_1.txt::ch1).

Therefore, the connection between the electric vehicle sector and government policy is through regulations requiring greater electric vehicle model availability, which can lead to increased adoption and subsequently support the development of charging infrastructure."
"Which companies are mentioned in relation to EV market growth, and how are they connected?","Based on the provided KNOWLEDGE-GRAPH FACTS and SUPPORTING TEXT, I can identify several companies mentioned in relation to EV market growth:

1. **VinFast**: Mentioned in [doc_13.txt::ch3] as delivering 21,912 electric vehicles in the third quarter of 2024, representing a substantial increase of 66% compared to the second quarter of the same year and a significant 115% increase compared to the third quarter of 2023.
2. **Polestar Automotive Holding UK PLC**: Mentioned in KNOWLEDGE-GRAPH FACTS as producing electric vehicles and operating worldwide.
3. **s-Benz Mobility** (presumably referring to Mercedes-Benz): Mentioned in KNOWLEDGE-GRAPH FACTS as producing electric vehicles.
4. **ZEKKR**: Mentioned in KNOWLEDGE-GRAPH FACTS as producing electric vehicles.
5. **DeepWay**: Mentioned in [doc_15.txt::ch17] as a Chinese electric truck maker that raised USD 110 million in series A funding to start mass production.

These companies are connected through their involvement in the EV market, with VinFast experiencing significant growth in deliveries and revenue, while Polestar, s-Benz Mobility, ZEKKR, and DeepWay are all involved in producing electric vehicles.","The companies mentioned in relation to EV market growth are:

1. Tesla
2. BYD (mentioned multiple times)
3. VinFast
4. Polestar
5. Canoo
6. Fisker
7. Lucid
8. Nikola
9. Ford
10. GM (General Motors)
11. Stellantis

These companies are connected in the following ways:

* Tesla and BYD are mentioned as having seen their stock prices fall by 15% on average in 2023.
* VinFast, Polestar, Canoo, Fisker, Lucid, and Nikola are mentioned as emerging EV players that are missing sales targets and trading low.
* Ford and GM are mentioned as being under pressure from Chinese carmakers exporting at scale, and considering partnering to compete against them.
* Stellantis is mentioned as another major incumbent carmaker adjusting its corporate strategy in response to growing competition from Chinese carmakers."
What financial trends or sentiments are associated with renewable energy investments?,"The answer is not directly stated in the provided text, but we can infer some financial trends associated with renewable energy investments.

From the KNOWLEDGE-GRAPH FACTS, we know that investments exceed $275 billion. However, this fact does not specifically mention renewable energy investments.

Looking at the SUPPORTING TEXT, it mentions ""Global spending on electric cars continues to increase"" and ""billions in investments already committed as of early 2024."" This suggests that there is a growing trend of investment in electric vehicles (which are often associated with renewable energy).

However, we cannot directly link this trend to renewable energy investments. The text does not explicitly mention renewable energy or solar/wind power investments.

Therefore, I would say that the context is insufficient to provide a direct answer to the question about financial trends or sentiments associated with renewable energy investments.","Based on the context passages provided, here are some financial trends or sentiments associated with renewable energy investments:

* Volatility and competition raise concern for electric vehicle companies (from doc_15.txt::ch0).
* Global VC investments in clean energy start-ups fell considerably in 2023 relative to 2022, including EVs and batteries (from doc_15.txt::ch14).
* Electric vehicle sales have seen healthy growth in recent years (from doc_18.txt::ch0).

It appears that while there are some positive trends, such as the growth of electric vehicle sales, there are also concerns about volatility and competition, as well as a decline in VC investments in clean energy start-ups."
How do government incentives relate to EV adoption across regions?,"Based on the provided KNOWLEDGE-GRAPH FACTS and SUPPORTING TEXT, I will attempt to answer the question:

How do government incentives relate to EV adoption across regions?

**Government Incentives Support EV Adoption**

From the supporting text [doc_17.txt::ch3], it is clear that government incentives play a significant role in promoting Electric Vehicle (EV) adoption. The text mentions that ""initial costs can be offset by fuel cost savings, federal tax credits, and state and utility incentives."" This indicates that government incentives are available to consumers, fleets, businesses, and tax-exempt entities investing in new, used, and commercial clean vehicles, including all-electric vehicles.

**Government Incentives Encourage Investment**

The KNOWLEDGE-GRAPH FACTS show that EV manufacturers invest in expansion plans. The supporting text [doc_18.txt::ch9] highlights that domestic content requirements introduced by industrial policies have supported the expansion plans of major battery and EV manufacturers, with billions in investments already committed as of early 2024.

**Government Incentives Vary Across Regions**

The KNOWLEDGE-GRAPH FACTS indicate that government incentives are unavailable to EV manufacturers. However, this does not mean that government incentives do not exist across regions. The supporting text [doc_17.txt::ch3] mentions that some states and electric utilities also offer incentives, which can be found in the Laws and Incentives database.

**Conclusion**

Government incentives play a crucial role in promoting EV adoption by offsetting initial costs and encouraging investment from manufacturers. While government incentives may vary across regions, they are available to support the growth of the EV market.

ANSWER: Government incentives support EV adoption by offsetting initial costs, encouraging investment, and varying across regions.","Government incentives play a significant role in promoting electric vehicle (EV) adoption across regions. According to the context passages, government incentives can take various forms, including:

* State, city, and utility purchase incentives
* HOV access
* Toll reduction
* Free parking
* Fee reduction
* Federal tax credits (available for consumers, fleets, businesses, and tax-exempt entities)
* State incentives

These incentives are particularly effective when combined with other factors such as regulations that require greater electric vehicle model availability, public and workplace charging infrastructure, and stringent vehicle efficiency and/or CO2 standards. For example, states with zero-emission vehicle (ZEV) regulations had a higher average electric vehicle share compared to those without such regulations.

The context passages also suggest that government incentives can be used as a transition policy tool to promote EV adoption, particularly in the short term until prices become competitive. However, it is noted that reliance on direct subsidies must decrease and eventually be phased out."
What is the relationship between Tesla and the broader electric vehicle market?,"Based on the provided knowledge-graph facts and supporting text, we can infer the relationship between Tesla and the broader electric vehicle market.

Firstly, it is clear that Tesla is a leading player in the electric vehicle (EV) market. According to the knowledge-graph facts, Tesla accounts for 8% of all EV sales, has a share of the market of 61.7%, and leads the US electric vehicle sector. Additionally, the supporting text states that BYD and Tesla together account for 35% of all electric car sales in 2023.

Moreover, the knowledge-graph facts indicate that Tesla competes with major carmakers outside China, as well as Chinese companies like BYD. The supporting text also mentions that European and US carmakers are under pressure from Chinese carmakers, including BYD, which is exporting at scale.

Furthermore, the knowledge-graph facts show that Tesla has a higher market value than BYD, with its market value being 7 times higher in 2023. This suggests that Tesla is more successful and profitable than BYD.

In terms of the broader electric vehicle market, the supporting text states that the combined market capitalization of pure-play EV makers boomed from USD 100 billion in 2020 to USD 1 trillion at the end of 2023. However, this trend has slowed down due to concerns about growth and consolidation in the industry.

In summary, Tesla is a leading player in the electric vehicle market, competing with major carmakers outside China and Chinese companies like BYD. Its higher market value and profitability suggest that it is more successful than BYD. The broader electric vehicle market is experiencing growth and consolidation, but Tesla remains a dominant force in the industry.","Tesla's share of the electric vehicle market in Q1 2024 was 51.3%, down from 61.7% one year earlier, indicating that Tesla is still a dominant player but its market share has decreased slightly.

Additionally, BYD and Tesla together account for 35% of all electric car sales in 2023, which suggests that they are the leading players in the electric vehicle market.

However, it's worth noting that other manufacturers have been gaining ground, with nine manufacturers recording more than 50% year-over-year growth in EV sales. This indicates a competitive and dynamic market where Tesla is not the only player."
How do regulations impact the availability of electric vehicle models?,"The context is insufficient to directly answer how regulations impact the availability of electric vehicle (EV) models. However, we can infer some information from the provided text.

From [doc_12.txt::ch28], it mentions that ""regulations"" could negatively impact Polestar's business if they are delayed in enactment and fail to incentivize broader market shifts to electric vehicles. This implies that regulations play a role in shaping the demand for EVs, but it does not directly address how regulations affect the availability of EV models.

To answer the question, we would need more information about how regulations impact the production, distribution, or sales of EV models. The provided text focuses on Polestar's financial performance and market expectations rather than regulatory frameworks affecting EV availability.

Therefore, I must say that the context is insufficient to provide a direct answer to the question.",Regulations requiring greater electric vehicle model availability are essential to market growth and can lead to more electric models being available in states with such regulations. States with zero-emission vehicle (ZEV) regulations had a combined new electric vehicle share of 5% and typically at least 13 more electric models available than states without such regulations.
Which regions or cities are leading in electric vehicle adoption and why?,"Unfortunately, the provided KNOWLEDGE-GRAPH FACTS and SUPPORTING TEXT do not directly answer which regions or cities are leading in electric vehicle adoption and why.

However, based on the given information, we can infer that government support is driving electric vehicle adoption (fact 2). Additionally, international initiatives and pledges have accelerated this adoption (fact 1).

While there is no direct mention of specific regions or cities, it can be inferred that areas with strong government support for zero-emission transport are likely to see increased adoption. The supporting text mentions the importance of close collaboration between manufacturers and demand centres, but does not provide specific examples.

Therefore, based on the available information, we can conclude that:

* Government support is a key driver of electric vehicle adoption.
* International initiatives and pledges have accelerated this adoption.
* Regions or cities with strong government support for zero-emission transport are likely to see increased adoption.

However, without further context or information, it is not possible to identify specific regions or cities leading in electric vehicle adoption.","Based on the context passages provided, here is the answer to your question:

The regions or cities leading in electric vehicle adoption are the top 10 most populous metropolitan areas, which averaged a 10% electric share and 935 public chargers per million population. These areas also had a strong mix of state, city, and utility promotion actions.

Additionally, states with zero-emission vehicle (ZEV) regulations were found to have a higher electric vehicle adoption rate, with a combined new electric vehicle share of 5% and typically at least 13 more electric models available than states without such regulations."
What role does NVIDIA play in the electric vehicle or autonomous driving ecosystem?,"Based on the provided KNOWLEDGE-GRAPH FACTS and SUPPORTING TEXT, I can infer that NVIDIA plays a significant role in the electric vehicle or autonomous driving ecosystem.

From the KNOWLEDGE-GRAPH FACTS, we see that NVIDIA operates in the ""Automotive and Robotics"" sector (fact #15). This suggests that NVIDIA is involved in developing technologies for the automotive industry, which includes electric vehicles and autonomous driving.

Furthermore, from the SUPPORTING TEXT, we can infer that NVIDIA's revenue has been increasing significantly due to its involvement in various sectors, including data center growth, cloud, healthcare, and sovereign AI (fact #3). This indicates that NVIDIA is a leading player in the development of technologies for these industries, which are likely related to electric vehicles and autonomous driving.

Additionally, the SUPPORTING TEXT mentions that NVIDIA's revenue has been driven by its expansion into new markets, including consumer internet companies, enterprise, sovereign AI, automotive, and healthcare customers (fact #3). This suggests that NVIDIA is playing a key role in developing technologies for these industries, which are likely related to electric vehicles and autonomous driving.

Therefore, based on the provided KNOWLEDGE-GRAPH FACTS and SUPPORTING TEXT, it can be inferred that NVIDIA plays a significant role in the electric vehicle or autonomous driving ecosystem.","I don't have enough information to answer the question about NVIDIA's role in the electric vehicle or autonomous driving ecosystem. The provided context passages do not mention electric vehicles or autonomous driving at all. They appear to be related to NVIDIA's financial performance, product offerings, and corporate announcements."
How are battery manufacturers adapting to domestic content requirements?,"Battery manufacturers are adapting to domestic content requirements by investing in expansion plans, as indicated by the fact that ""battery manufacturers -[invests_in]-> (expansion plans)"". This is supported by the text, which states that ""Domestic content requirements introduced by these policies have supported the expansion plans of major battery and EV manufacturers, with billions in investments already committed as of early 2024.""",I don't have enough information to answer the question about how battery manufacturers are adapting to domestic content requirements. The provided context passages do not mention anything related to domestic content requirements or how battery manufacturers are adapting to them.
What are the primary challenges faced by the electric vehicle supply chain?,"Unfortunately, I don't have any knowledge-graph facts or supporting text to draw from. As a result, I'm unable to provide an answer based on the information provided. If you'd like to add some context or facts related to electric vehicle supply chains, I'd be happy to help!","Based on the provided context passages, the primary challenges faced by the electric vehicle supply chain include:

1. Ensuring a stable and sustainable supply of critical battery metals due to long lead times.
2. Managing demand pressure and avoiding bottlenecks through innovation, alternative chemistries, and extensive battery recycling.
3. Maintaining relationships with existing suppliers and establishing new ones to meet growing demand.
4. Expanding manufacturing capacity in a timely manner and within budget.
5. Managing the risk of mismatch between actual vehicle sales and expected levels based on reservations received.
6. Overcoming consumer hesitation to adopt EVs, including concerns about charging infrastructure availability.

These challenges are mentioned across multiple passages, highlighting their importance for the electric vehicle supply chain."
How is the competition between US and Chinese EV manufacturers evolving?,"Unfortunately, there is no direct information in the provided text that specifically addresses how the competition between US and Chinese EV manufacturers is evolving. The supporting texts appear to be related to financial reports, accounting principles, and investment announcements for Polestar Automotive Holding UK PLC, but do not provide any insights into the competitive landscape of the electric vehicle (EV) market.

However, based on the knowledge-graph facts provided, we can infer that both the United States and China are significant players in the EV manufacturing industry. The fact that ""Global spending on electric cars continues to increase"" (from doc_18.txt::ch9) suggests that there is a growing demand for EVs globally, which may lead to increased competition among manufacturers.

To answer the question more accurately, additional context or information would be required, such as market research reports, industry analyses, or news articles that specifically discuss the competitive dynamics between US and Chinese EV manufacturers.","The competition between US and Chinese EV manufacturers is evolving as Chinese carmakers are increasingly exporting to Europe at scale, putting pressure on European and US carmakers to adjust their corporate strategies. Chinese companies such as BYD are chartering cargo ships to transport cars to Europe, while others like Nio and XPeng are announcing new models to compete with Tesla's premium offerings. The consolidation of China's EV industry around a smaller number of robust champions is also driving these companies to look abroad for expansion.

In particular, the competition between Chinese carmakers such as BYD and US-based Tesla is intensifying, with BYD offering more affordable models priced at CNY 100,000-150,000 compared to Tesla's premium offerings. Ford and GM have even expressed openness to partnering to compete against Chinese carmakers, highlighting the growing pressure on US companies in the EV market.

Overall, the competition between US and Chinese EV manufacturers is becoming increasingly intense as Chinese companies expand their export efforts and consolidate their position in the global market."
What impact do zero-emission vehicle (ZEV) regulations have on market share?,"Unfortunately, I don't have any knowledge-graph facts or supporting text to draw from. As a result, I'm unable to provide an answer based on the given information. If you'd like to add some context or data, I'd be happy to help!","States with zero-emission vehicle (ZEV) regulations had a combined new electric vehicle share of 5% and typically at least 13 more electric models available than states without such regulations, which had a 1.3% average electric vehicle share. This suggests that ZEV regulations have a positive impact on market share, increasing the availability of electric vehicles and resulting in higher sales (about two-thirds of 2020 U.S. electric vehicle sales)."
How do consumer incentives like tax credits influence electric vehicle sales?,"The question is how consumer incentives like tax credits influence electric vehicle sales.

From the knowledge graph facts, we can see that Electric Vehicles -[exceeds_sales]-> (14 million) and Electric Vehicles -[experienced]-> (115% increase). This suggests that there has been significant growth in electric vehicle sales. However, it does not directly address how consumer incentives like tax credits influence this growth.

Looking at the supporting text, we can see that [doc_18.txt::ch9] mentions ""Global spending on electric cars continues to increase"" and that ""Domestic content requirements introduced by these policies have supported the expansion plans of major battery and EV manufacturers"". This suggests that government policies and incentives may be playing a role in promoting the growth of the electric vehicle market.

However, we need more information to directly address how consumer incentives like tax credits influence electric vehicle sales. Unfortunately, this information is not provided in the knowledge graph facts or supporting text.

Therefore, I must say that the context is insufficient to provide a direct answer to the question.","How do consumer incentives like tax credits influence electric vehicle sales?

According to [doc_2.txt::ch3], one bright spot in Q1 was strong EV sales from luxury makers, and leasing allowed many buyers to qualify for the full $7,500 incentive offered by the Inflation Reduction Act. This suggests that consumer incentives like tax credits can positively influence electric vehicle sales.

Additionally, [doc_17.txt::ch3] mentions that initial costs can be offset by fuel cost savings, federal tax credits, and state and utility incentives, which also implies a positive impact of consumer incentives on EV sales.

Therefore, the answer is: Consumer incentives like tax credits can positively influence electric vehicle sales."
What is the significance of Polestar's recent financial or production announcements?,"Unfortunately, I couldn't find any specific information about recent financial or production announcements from Polestar in the provided knowledge graph facts and supporting text. However, based on the content of [doc_12.txt::ch0], it appears that Polestar has released its third-quarter 2023 financial results, but there is no detailed information about the significance of these announcements.

If you're looking for more specific information or context about Polestar's recent financial or production announcements, I would recommend checking their official website (investors.polestar.com) or searching for news articles related to Polestar's latest developments.","I don't have enough information to determine the significance of Polestar's recent financial or production announcements. The provided context passages mention potential risks and challenges facing Polestar, such as production delays, supply chain issues, and funding needs, but they do not provide any specific information about recent announcements."
How does public charging station availability correlate with EV uptake?,"Based on the knowledge-graph facts and supporting text, it can be inferred that public charging station availability correlates positively with EV uptake.

Firstly, the fact that ""Electric Vehicles -[exceeds_sales]-> (14 million)"" suggests a significant increase in EV sales. This is further supported by VinFast's delivery of 21,912 electric vehicles in the third quarter of 2024, representing a substantial increase of 66% compared to the second quarter and a significant 115% increase compared to the third quarter of 2023 (doc_13.txt::ch3).

Secondly, the fact that ""United States -[has]-> (60,000 publicly accessible charging stations)"" indicates a sufficient number of public charging stations in the United States. This is also supported by the Battery and EV manufacturers' investments in domestic content requirements introduced by new industrial policies in major markets including the United States (doc_18.txt::ch9).

Thirdly, the fact that ""electric vehicle market -[sold_in]-> (United States)"" suggests a strong demand for electric vehicles in the United States. This is further supported by the IEA's report on global EV sales and stock, which indicates that the use of EVs displaced around 0.9 Mb/d (2 EJ) of oil in 2023 (doc_18.txt::ch5).

Lastly, the fact that ""transportation sector -[uses]-> (electricity)"" suggests that electric vehicles are becoming a significant part of the transportation sector's energy mix.

Therefore, based on these facts and supporting text, it can be inferred that public charging station availability correlates positively with EV uptake.","Public charging station availability correlates with EV uptake in that areas with higher public charging availability tend to have higher electric vehicle adoption rates. According to the analysis, the top 10 metropolitan areas with the highest EV uptake averaged a high number of public chargers per million population (935), while half of the U.S. population lives in an area with significantly lower public charging availability (20% of that of the top-ten markets)."
What are the projected growth rates for the EV market in the coming years?,"The projected growth rate for the EV market is that more than one in five new cars sold in 2024 will be electric. This implies a significant increase from current levels, but the exact percentage growth rate is not specified.","I don't have enough information to answer the question about projected growth rates for the EV market in the coming years. The context passages mention past growth rates, current trends, and sales data, but they do not provide specific projections or forecasts for future growth."
How are traditional automakers like Ford or GM responding to EV startups?,"Traditional automakers like Ford and GM are responding to EV startups by expressing openness to partnership with Chinese carmakers, such as BYD. This is a strategic move to compete against the growing export of affordable electric vehicles from China. In fact, Ford estimates losses on its investment in EVs of up to $5.5 billion in 2023, and expects even tougher competition from more affordable Tesla models and Chinese carmakers.

This shift towards partnership with Chinese carmakers is a response to the increasing pressure faced by European and US carmakers as Chinese carmakers start to export at scale. As mentioned in [doc_15.txt::ch13], Ford and GM have expressed openness to partnering to compete against Chinese carmakers, including BYD. This move indicates that traditional automakers are adapting their corporate strategy to stay competitive in the rapidly changing EV market.

Furthermore, the fact that public charging stations are not as ubiquitous as gas stations (as mentioned in [doc_17.txt::ch8]) suggests that traditional automakers may also be investing in public charging infrastructure to support the growth of electric vehicles. This is a multi-hop inference, where we connect the fact that public charging stations are needed for EVs with the fact that automakers are investing in public charging infrastructure.

Overall, traditional automakers like Ford and GM are responding to EV startups by adapting their corporate strategy to stay competitive, including expressing openness to partnership with Chinese carmakers and investing in public charging infrastructure.","Traditional automakers like Ford or GM are responding to EV startups by considering partnerships with each other and Chinese carmakers, such as BYD, in order to compete against them. They are also investing in start-ups through corporate VC to develop new technology and maintain a competitive edge in the market. Additionally, they are estimating significant losses on their own EV investments, such as Ford's estimated USD 5.5 billion loss in 2023."
What specific technologies are driving advancements in electric vehicles?,"Based on the provided KNOWLEDGE-GRAPH FACTS and SUPPORTING TEXT, I can identify several technologies driving advancements in electric vehicles:

1. **Battery technology**: The supporting text mentions ""improved range"" and ""increased performance"" of electric vehicles, indicating advancements in battery technology.
2. **Domestic content requirements**: The text states that domestic content requirements introduced by industrial policies have supported the expansion plans of major battery and EV manufacturers, suggesting that local production and supply chain development are crucial for the industry's growth.
3. **Investments in manufacturing facilities**: The supporting text mentions billions of dollars invested in manufacturing facilities as of early 2024, indicating a significant increase in investment in electric vehicle production capacity.
4. **Advancements in charging infrastructure**: While not explicitly mentioned, the fact that electric vehicles can charge at various locations (residence, workplace, or public charging stations) suggests that advancements in charging infrastructure are also driving growth in the industry.

These technologies and investments are contributing to the growth of the electric vehicle market, with passenger electric cars surging in popularity and expected to account for 18% of new car sales by 2023.","I don't have enough information to answer the question about specific technologies driving advancements in electric vehicles. The context passages mention electric vehicles, hybrid vehicles, battery electric vehicles, and plug-in hybrid electric vehicles (PHEVs), but they do not specify which technologies are driving their advancements."
How does the Inflation Reduction Act affect electric vehicle manufacturing?,"The Inflation Reduction Act affects electric vehicle (EV) manufacturing by offering a $7,500 incentive to buyers of EVs. This incentive is likely to boost demand for EVs, particularly among luxury carmakers such as Cadillac, Mercedes, BMW, and Audi, which have seen significant increases in EV sales in Q1 2024.

However, the text does not directly address how the Inflation Reduction Act affects electric vehicle manufacturing itself. To answer this question, we need to reason across multiple connected facts:

* The Inflation Reduction Act offers a $7,500 incentive (Knowledge-Graph Fact).
* Carmakers invest in start-ups and ramp up investments in manufacturing (Knowledge-Graph Facts).
* Luxury carmakers such as Cadillac, Mercedes, BMW, and Audi have seen significant increases in EV sales in Q1 2024 (Supporting Text).

Given these facts, it is likely that the Inflation Reduction Act will lead to increased investment in EV manufacturing by carmakers. The $7,500 incentive will boost demand for EVs, which will encourage carmakers to invest more in EV manufacturing to meet this demand. Additionally, the trend of carmakers investing in start-ups and ramping up investments in manufacturing (Knowledge-Graph Facts) suggests that they are already preparing to increase their investment in EV manufacturing.

Therefore, the Inflation Reduction Act is likely to lead to increased investment in electric vehicle manufacturing by carmakers.",I don't have enough information to answer how the Inflation Reduction Act affects electric vehicle manufacturing.
What are the key differences in EV adoption between states with and without ZEV regulations?,"Unfortunately, there is no direct information in the provided KNOWLEDGE-GRAPH FACTS and SUPPORTING TEXT that explicitly states the key differences in EV adoption between states with and without ZEV (Zero Emission Vehicle) regulations. However, we can infer some insights by analyzing related facts.

From the KNOWLEDGE-GRAPH FACTS, we know that:

* States invest in public charging stations.
* Public charging stations are needed to safely deliver energy from the electric grid to a vehicle's battery.
* Charging equipment manufacturers, automakers, utilities, Clean Cities and Communities coalitions, states, municipalities, and government agencies establish public charging stations.

From the SUPPORTING TEXT, we can see that:

* States and electric utilities offer incentives for EV adoption, including federal tax credits and state-specific incentives.
* Automakers are increasingly setting voluntary electric vehicle targets, which may influence EV adoption rates in different regions.

Given these points, it's reasonable to infer that states with ZEV regulations might have a higher rate of EV adoption due to:

1. **Increased investment in public charging infrastructure**: States with ZEV regulations might invest more in public charging stations, making it easier for consumers to adopt EVs.
2. **Stronger incentives**: States with ZEV regulations may offer more attractive incentives, such as tax credits or rebates, to encourage EV adoption.
3. **Automaker commitments**: Automakers may be more likely to set voluntary electric vehicle targets in states with ZEV regulations, which could lead to increased EV sales.

However, without explicit data on the impact of ZEV regulations on EV adoption rates, we cannot provide a definitive answer to the question.","The key differences in EV adoption between states with and without ZEV regulations are:

* States with ZEV regulations had a combined new electric vehicle share of 5% compared to 1.3% for states without such regulations.
* States with ZEV regulations typically had at least 13 more electric models available than states without ZEV regulations.
* States with ZEV regulations were responsible for about two-thirds of 2020 U.S. electric vehicle sales and less than one-third of overall light-duty vehicle sales.

These differences suggest that ZEV regulations have a significant impact on EV adoption, increasing the availability of electric models and driving up market share."
